{"type":"Topology","arcs":[[[5401,1058],[-10,-33],[-49,-35],[-36,-1],[-11,-20],[9,-10],[-32,-25],[-43,26],[-31,-21],[-39,17],[-9,-19],[13,-50],[-26,3],[-9,-20],[-6,18],[-33,6],[-13,-22],[8,-40],[-18,-25],[-122,-86],[-36,-89],[-14,-18],[-13,11],[-25,-122],[-22,-3],[-17,31],[-82,53],[-75,-11],[-12,-15],[-19,17],[-24,-9],[-56,-68],[1,-72],[-71,-94],[-33,-114],[-72,-64],[-16,9],[-25,-16],[-11,-39],[-26,24],[-43,-23],[-43,-69],[-134,-40],[-3,49],[-35,43],[14,64],[-12,-8],[4,21],[-18,1],[-5,-19],[-4,29],[-27,-19],[-14,17],[-11,-29],[-18,10],[3,-15],[-13,17],[-11,-18],[-18,20],[-11,-9],[-15,29],[-27,-25],[-28,37],[-18,-10],[-8,22],[-38,-17],[-1,17],[-22,-5],[-1,19],[-8,-13],[-18,21],[-23,-13],[-28,23],[-17,-19],[-40,23],[-13,-20],[-3,17],[-19,-1],[-3,-20],[-9,26],[-5,-14],[-18,24],[-48,-35],[-18,22],[-30,-2],[-5,-18],[-38,15],[-10,-21],[-39,7],[-44,-28],[-5,14],[-13,-11],[-23,52],[-63,6],[-6,-12],[-33,17],[-16,-15],[-9,14],[-102,-84],[-21,9],[-51,-66],[-32,-14],[-32,9],[-52,-27],[-100,36],[-12,49],[-59,76],[-71,-79],[-2,1363],[12,22],[14,-2],[9,30],[15,-14],[18,27],[9,60],[-47,85],[-10,38],[10,38],[-12,20],[8,11],[3,-23],[26,-3],[-14,18],[3,27],[20,-7],[-3,27],[23,14],[-5,52],[14,-7],[-6,19],[13,26],[-78,-19],[0,-22],[-13,3],[-39,-80],[-40,-24],[-11,-27],[-17,12],[-4,-51],[-23,-11],[-6,-28],[-33,-6],[-67,-112],[-31,-9],[-24,-80],[-45,1],[-86,-68],[-37,-106],[-27,5],[-48,-34],[-31,22],[-23,-31],[-621,0],[20,42],[-15,48],[26,51],[-19,57],[11,34],[-91,57],[18,103],[-11,18],[5,33],[-27,16],[5,70],[-29,-2],[-27,56],[-41,21],[-86,-17],[-44,42],[-93,19],[-19,32],[-380,0],[18,58],[68,66],[-8,29],[19,40],[23,22],[9,-13],[15,9],[24,40],[-17,21],[49,55],[10,69],[-13,67],[16,25],[-27,17],[-18,63],[-48,15],[-76,231],[-48,33],[-24,-10],[-33,30],[-19,54],[-20,-1],[4,172],[-45,0],[-14,65],[-54,22],[-43,54],[1,87],[-32,69],[-14,4],[8,97],[-37,76],[5,41],[-15,22],[-23,-6],[-17,55],[-26,-9],[-31,76],[15,12],[-12,36],[42,-17],[20,25],[3,90],[-44,49],[-63,19],[-17,48],[-22,5],[-12,46],[-74,76],[-3,40],[31,6],[22,70],[-36,132],[10,7],[8,-19],[9,11],[16,-29],[26,-6],[36,53],[28,-8],[21,14],[9,-17],[39,42],[-7,88],[-31,38],[-37,103],[941,-509],[1956,-339],[1089,-1392],[874,-592],[148,-36],[540,-354],[-8,-59],[-20,14],[-10,-35],[-68,-37],[-6,-25],[-50,-47],[-1,-25],[-28,3],[0,-24],[-35,-33],[6,-20],[-27,-13],[-8,-37],[-31,-9],[-3,-22],[9,-4],[-11,-11]]],"transform":{"scale":[0.0012931695801124505,0.0008648664425385864],"translate":[-73.98761186,-11.14556146699993]},"objects":{"AC_Macro_2021":{"type":"GeometryCollection","geometries":[{"arcs":[[0]],"type":"Polygon","properties":{"cod_macro":"1201"}}]}}}