{"type":"Topology","arcs":[[[1695,1326],[35,125],[51,98],[14,5],[13,-44],[33,-26]],[[1841,1484],[-41,-62],[41,-74]],[[1841,1348],[36,-10],[146,153]],[[2023,1491],[6,90],[-24,50],[39,-5],[63,84],[27,-13],[34,-71],[89,3],[16,-17],[46,18],[134,-52],[37,-71],[80,-14],[25,238],[-50,40],[-182,69],[-115,16],[-8,76],[-133,4],[-1,83],[-180,28],[25,67],[337,-28],[24,14],[1,134],[-31,0],[8,49],[-25,58],[-192,61],[-1,76],[14,9],[-38,21],[40,19]],[[2088,2527],[192,-10],[46,36],[192,-34],[25,-20],[21,19],[147,-11],[201,73],[405,-96],[144,-58],[104,-118],[50,-155],[35,-20],[35,-110],[32,-28],[51,-197],[-2,-62],[27,-32],[-13,-62],[27,-69],[1,-89],[28,-23],[5,-99],[48,-65],[12,-233],[27,-53],[39,-18],[10,-153],[41,-28],[25,-153],[-100,-54],[-45,40],[-53,-74],[-28,-7],[-36,14],[-23,42],[-57,-37],[-63,0],[-79,70],[-139,20],[-41,-22],[-43,43],[-67,20],[-115,-49],[-240,-9],[-31,11],[-9,34],[-72,67],[-36,-32],[-157,-11],[-1,44],[-50,14],[21,71],[-3,42],[-27,34],[-60,-36],[-42,21],[-40,-90],[-77,5],[-33,-113],[4,-77],[91,-76],[9,-90],[-27,-11],[-53,52],[-19,-6],[-38,-145],[63,-65],[-4,-68],[-76,-65],[6,-23],[-46,-82],[-87,14],[-35,-75],[-54,62],[41,134],[-44,-5],[-4,69],[-69,74],[-137,-79],[-23,92],[-25,18],[-66,-55],[-78,-22],[-69,-79],[-37,0],[-35,19],[-21,59],[11,46],[-30,25],[8,26],[-225,-22],[20,67],[-18,149],[96,45],[18,102],[-18,43],[22,80],[67,88],[48,-4],[26,73],[96,75],[10,23],[-21,14],[0,119],[23,80],[36,50],[62,-40]],[[2023,1491],[-134,-152],[-48,9]],[[1841,1348],[-37,66],[37,70]],[[1695,1326],[-69,38],[-54,-124],[-86,31],[-21,-39],[-31,7],[-60,-48],[-32,1],[-12,-31],[-59,-4],[-14,-44],[-87,-10],[-4,-18],[-33,14],[-86,-45],[-69,17],[-39,-16],[-37,-56],[16,-7],[-17,-13],[18,-11],[-12,-25],[15,-23],[-61,-3],[-13,-18],[11,-12],[-32,-20],[2,-43],[-21,-16],[-32,14],[3,-44],[-45,-32],[-22,-2],[-11,33],[-26,-38],[-39,-1],[1,-55],[-31,-6],[-10,43],[-71,-107],[-25,4],[-14,36],[-44,-10],[-67,18],[-47,-27],[-47,62],[-48,4],[-29,61],[-29,-5],[-30,28],[-38,-8],[-4,47],[35,44],[-52,-35],[-31,20],[-14,-16],[-35,8],[-6,38],[18,22],[-15,30],[57,54],[1,61],[29,3],[87,165],[46,19],[19,-47],[21,28],[48,-26],[50,44],[17,72],[90,72],[0,23],[46,61],[9,79],[76,119],[-46,4],[7,79],[53,44],[49,108],[47,28],[18,42],[34,5],[46,123],[4,67],[83,82],[-8,112],[28,94],[45,92],[53,22],[42,170],[433,126],[115,-157],[49,36],[74,-37],[89,42],[47,-37],[45,-6],[89,-114],[93,-59]],[[1719,2879],[1,0],[1,-3],[-1,0],[-1,3]]],"transform":{"scale":[0.000893801779371749,0.0007524750343869302],"translate":[-38.58209852199998,-6.982734811999922]},"objects":{"RN_Macro_2021":{"type":"GeometryCollection","geometries":[{"arcs":[[0,1,2,3,4]],"type":"Polygon","properties":{"cod_macro":"2402","nome_macro":"MACRORREGIAO I"}},{"arcs":[[[-4,5,6,-1,7]],[[8]]],"type":"MultiPolygon","properties":{"cod_macro":"2401","nome_macro":"MACRORREGIAO II"}}]}}}