{"type":"Topology","arcs":[[[1810,900],[47,62],[12,100],[30,0]],[[1899,1062],[393,-1]],[[2292,1061],[-24,-50],[0,-55],[32,-76],[-9,-132],[28,-35],[-1,-47],[31,-106],[-125,-1],[-23,37],[-169,0]],[[2032,596],[0,66],[-55,0],[-71,-35],[3,130],[-10,54],[-60,44],[-29,45]],[[1167,1123],[-47,-3],[-69,35],[-29,94],[-56,29],[-32,36],[11,31],[-43,165],[63,7],[163,1],[26,86],[24,25],[-13,55],[174,-16],[133,25],[-1,153],[39,96],[126,22],[3,50]],[[1639,2014],[31,-9],[21,-80],[53,-28],[43,8],[7,44],[36,18],[41,-13],[57,-76],[-31,-68],[11,-59],[-33,-33]],[[1875,1718],[-31,-59],[-78,-30],[-36,5],[-39,-56],[-44,-31],[-25,9],[-47,-33],[-2,-34],[-43,-64],[-17,-50],[-61,-117],[-268,-1],[-17,-134]],[[1695,202],[21,6],[58,105],[120,75],[31,90],[54,-45],[53,106],[0,57]],[[2292,1061],[25,-41],[114,-5],[29,-17],[22,-109],[-58,-55],[-10,-47],[20,-82],[30,-10],[35,-130],[34,-40],[-56,-100],[-29,-7],[-18,-104],[-74,-81],[5,-23],[-38,-71],[-5,-52],[-85,-45],[-32,-42],[-60,23],[-20,30],[-113,18],[-80,-23],[-42,21],[-102,-11],[-7,35],[-82,72],[0,37]],[[1695,202],[-67,5],[-52,28],[-105,23],[-57,65]],[[1414,323],[82,-19],[73,63],[71,94],[-9,75],[-37,-10],[-90,42]],[[1504,568],[12,60],[53,50],[0,142],[62,60],[39,6],[28,51],[68,4],[44,-41]],[[1167,1123],[-6,-169],[26,-39],[-26,-23],[-4,-73]],[[1157,819],[-78,-28],[-22,-22],[-71,-16],[-124,-137],[-24,-36],[-38,-3]],[[800,577],[-43,16],[-46,65],[-68,5],[-22,114],[-34,-5],[-16,81],[-28,6],[-19,96],[3,54],[36,54],[-35,81],[-30,118],[51,103],[-15,114],[15,26],[-37,70],[-84,-59],[-22,35],[-168,-15],[-75,-31],[-97,-13],[-66,32],[13,25],[99,47],[45,82],[146,5],[19,-25],[68,-34],[18,44],[64,-7],[23,62],[69,22],[38,-75],[32,18],[48,72],[-7,37],[48,55],[79,-9],[96,32],[65,-7],[0,80],[39,20],[40,46],[-7,97],[55,-1],[24,33],[37,108],[273,0],[62,-46],[14,-54],[106,-67],[-2,-37],[35,-33]],[[1504,568],[-32,50],[-29,-36],[-106,-1],[8,66],[89,60],[-55,54],[-5,77],[-60,28],[-157,-47]],[[1875,1718],[39,-85],[0,-126],[-34,-115],[51,-106],[-7,-145],[-25,-79]],[[1414,323],[-41,7],[-57,89],[-47,-26],[-92,68],[-85,32],[-64,-40],[-160,32],[-34,32],[-5,57],[-29,3]]],"transform":{"scale":[0.002770356038689284,0.0025322654380275068],"translate":[-66.8102531119999,-13.675997797999937]},"objects":{"RO_CIR_2021":{"type":"GeometryCollection","geometries":[{"arcs":[[0,1,2,3]],"type":"Polygon","properties":{"cod_cir":11002}},{"arcs":[[4,5,6]],"type":"Polygon","properties":{"cod_cir":11001}},{"arcs":[[7,-3,8]],"type":"Polygon","properties":{"cod_cir":11006}},{"arcs":[[9,10,11,-4,-8]],"type":"Polygon","properties":{"cod_cir":11005}},{"arcs":[[12,13,14,-5]],"type":"Polygon","properties":{"cod_cir":11004}},{"arcs":[[15,-13,-7,16,-1,-12]],"type":"Polygon","properties":{"cod_cir":11003}},{"arcs":[[-11,17,-14,-16]],"type":"Polygon","properties":{"cod_cir":11007}}]}}}