{"type":"Topology","arcs":[[[553,2654],[186,84],[94,-17],[33,31],[7,97],[105,10],[35,29],[93,-19],[53,7],[54,-27],[0,-40],[-65,-29],[-24,-48],[-2,-71],[32,-77],[46,1],[84,-68],[48,-14],[86,-5],[19,-61],[59,-30],[44,1],[53,56],[132,30],[66,-10],[64,26],[134,119],[63,11],[74,-2],[62,-27],[47,-99],[71,11],[21,-17],[92,29],[73,-56],[-50,-47],[-24,-56],[21,-55],[27,-24],[32,26],[119,10],[2,-68],[55,0],[41,-31],[40,-87],[89,10],[102,99],[47,77],[271,0]],[[3264,2333],[-16,-66],[44,-31],[1,-66],[100,-27],[33,-61],[70,-82],[22,8],[55,-88],[132,-44],[83,-4],[15,-60],[0,-653],[-345,0],[-388,0],[-14,-68],[-48,-40],[-4,-52],[-41,-39],[-65,-156],[-1,-38],[-25,-82],[-35,-54],[13,-48],[48,-53],[-27,-49],[-97,-28],[-24,-60],[-33,18],[-49,-26],[-62,12],[-29,83],[-78,92],[-98,67],[-92,4],[-7,-42],[-81,-24],[-63,-39],[-50,-67],[-29,-152],[25,-57],[-54,-157],[28,-40],[-23,-28],[9,-36],[-124,46],[-62,-10],[-78,171],[-53,31],[-46,61],[-91,52],[-40,63],[-80,37],[9,68],[71,-18],[57,51],[-16,39],[20,84],[31,18],[28,69],[-41,36],[7,67],[-50,50],[-4,64],[-54,52],[-27,90],[-9,85],[13,31],[-56,88],[9,58],[-12,55],[48,69],[-14,67],[27,56],[-50,84],[-64,189],[-13,51],[-58,42],[-48,62],[50,74],[-2,80],[17,37],[-16,58],[-70,38],[-71,10],[-48,-11],[-62,55],[-17,52],[-83,-13],[-54,29],[-7,155],[-41,11],[-54,-14],[-54,24],[-94,-10],[-54,34],[-81,-13]],[[553,2654],[-56,31],[3,41],[36,47],[-18,111],[-41,45],[5,26],[-47,73],[-45,44],[59,127],[-17,110],[-23,33],[-8,61],[-59,81],[-100,57],[-22,0],[-57,67],[-8,31],[-60,52],[-38,78],[-50,37],[-7,57],[26,19],[62,-32],[39,-71],[41,-22],[82,22],[100,6],[67,-10],[41,-29],[5,-35],[41,-68],[44,-37],[27,32],[49,16],[96,-4],[9,44],[60,-55],[7,-28],[45,-27],[39,8],[37,83],[35,-16],[86,-6],[-19,-45],[19,-48],[52,-4],[35,-36],[-3,-45],[56,-51],[113,83],[51,-16],[-15,95],[-21,54],[28,29],[5,46],[130,5],[-6,42],[52,22],[15,28],[54,-12],[132,-59],[100,65],[45,-13],[65,8],[11,41],[33,19],[121,-3],[28,33],[-1,57],[46,37],[62,-14],[47,40],[8,41],[90,-22],[82,7],[42,47],[-9,48],[31,42],[114,40],[88,121],[-39,70],[1,39],[-35,76],[159,-20],[78,4],[75,45],[51,-32],[24,-57],[79,-44],[-29,-162],[-6,-88],[-62,-69],[-25,-59],[120,-19],[154,-44],[38,-52],[-36,-41],[1,-72],[69,-35],[-20,-40],[89,-84],[-32,-20],[-19,-82],[-45,-9],[-2,-53],[-77,-59],[-41,-9],[-11,-30],[41,-33],[-23,-57],[22,-49],[-68,-107],[3,-56],[-31,-21],[6,-54],[-24,-49],[-3,-169],[59,-134],[-1,-81],[114,-85],[-12,-38],[12,-52],[-9,-71]]],"transform":{"scale":[0.0015582890554825047,0.0014772417087271748],"translate":[-64.82163809699995,-1.4481314559998992]},"objects":{"RR_CIR_2021":{"type":"GeometryCollection","geometries":[{"arcs":[[0,1]],"type":"Polygon","properties":{"cod_cir":14002}},{"arcs":[[2,-1]],"type":"Polygon","properties":{"cod_cir":14001}}]}}}